,word,type
0,God,nonslang
1,annihilated,nonslang
2,balling,nonslang
3,bastard,nonslang
4,beef,nonslang
5,bloody,nonslang
6,bomb,nonslang
7,book,nonslang
8,bookmark,nonslang
9,booty,nonslang
10,bounce,nonslang
11,bowl,nonslang
12,brains,nonslang
13,candle,nonslang
14,chicken,nonslang
15,90080826,nonslang
16,classic,nonslang
17,compy,nonslang
18,crock,nonslang
19,crossfade,nonslang
20,decompress,nonslang
21,dim,nonslang
22,dirt,nonslang
23,dose,nonslang
24,down,nonslang
25,egg,nonslang
26,ent,nonslang
27,eye,nonslang
28,fat,nonslang
29,fence,nonslang
30,fire,nonslang
31,fluffer,nonslang
32,foxy,nonslang
33,freckle,nonslang
34,fruitcake,nonslang
35,gag,nonslang
36,ghost,nonslang
37,gig,nonslang
38,gnarly,nonslang
39,gridlock,nonslang
40,grip,nonslang
41,grub,nonslang
42,155457506,nonslang
43,gumby,nonslang
44,hanger,nonslang
45,head,nonslang
46,hell,nonslang
47,hitter,nonslang
48,item,nonslang
49,19323851,nonslang
50,jammed,nonslang
51,jill,nonslang
52,jock,nonslang
53,kick,nonslang
54,kosher,nonslang
55,locks,nonslang
56,mad,nonslang
57,mine,nonslang
58,14550792,nonslang
59,money,nonslang
60,move,nonslang
61,mule,nonslang
62,peace,nonslang
63,pecker,nonslang
64,peckish,nonslang
65,peeper,nonslang
66,pig,nonslang
67,pinch,nonslang
68,plums,nonslang
69,postal,nonslang
70,rad,nonslang
71,ratchet,nonslang
72,roadkill,nonslang
73,sassy,nonslang
74,sausage,nonslang
75,30498976,nonslang
76,scissor,nonslang
77,scoot,nonslang
78,scream,nonslang
79,screaming,nonslang
80,skeeter,nonslang
81,slack-jawed,nonslang
82,smoked,nonslang
83,sneak,nonslang
84,split,nonslang
85,sport,nonslang
86,squawk,nonslang
87,stat,nonslang
88,52106663,nonslang
89,stew,nonslang
90,streak,nonslang
91,styling,nonslang
92,swap,nonslang
93,thick,nonslang
94,thirsty,nonslang
95,threads,nonslang
96,tool,nonslang
97,toots,nonslang
98,tweaker,nonslang
99,walk,nonslang
100,walkie,nonslang
101,whippet,nonslang
102,12455292,nonslang
103,windy,nonslang
104,wrecked,nonslang
105,zombie,nonslang
106,zounds,nonslang
120,,nonslang
133,984244620316954624,nonslang
197,1218983957678690309,nonslang
210,admitting,nonslang
211,adulterous,nonslang
212,agenda,nonslang
213,alanine,nonslang
214,allotted,nonslang
215,93567281,nonslang
216,anticlockwise,nonslang
217,antipathies,nonslang
218,avoiders,nonslang
219,awesome,nonslang
220,banzai,nonslang
221,bedchambers,nonslang
222,bicolour,nonslang
223,bright,nonslang
224,butane,nonslang
225,calorie,nonslang
226,21353623,nonslang
227,camara,nonslang
228,chug,nonslang
229,clinkstone,nonslang
230,committeeman,nonslang
231,competencies,nonslang
232,conferral,nonslang
233,conniption,nonslang
234,contenders,nonslang
235,conventionally,nonslang
236,copyediting,nonslang
237,cytometer,nonslang
238,deathblow,nonslang
239,decomposition,nonslang
240,despoil,nonslang
241,didot,nonslang
242,doubleheader,nonslang
243,dysthymic,nonslang
244,echo,nonslang
245,enhancements,nonslang
246,epilator,nonslang
247,estimated,nonslang
248,extravasated,nonslang
249,fiddled,nonslang
250,galavant,nonslang
251,glutton,nonslang
252,greeting,nonslang
253,grisly,nonslang
254,groans,nonslang
255,guardian,nonslang
256,haircut,nonslang
257,heaviest,nonslang
258,hemosiderin,nonslang
259,humblest,nonslang
260,ignites,nonslang
261,inclusive,nonslang
262,intimidator,nonslang
263,jugglers,nonslang
264,jute,nonslang
265,17850018,nonslang
266,lawlessness,nonslang
267,legalist,nonslang
268,milepost,nonslang
269,minmax,nonslang
270,mistreatment,nonslang
271,moldovan,nonslang
272,morphology,nonslang
273,mushroom,nonslang
274,nonskid,nonslang
275,outlawing,nonslang
276,paleontology,nonslang
277,pantsuit,nonslang
278,peppy,nonslang
279,performative,nonslang
280,postural,nonslang
281,protocol,nonslang
282,reedbed,nonslang
283,rehabilitations,nonslang
284,repentant,nonslang
285,rufescent,nonslang
286,rump,nonslang
287,sabertooth,nonslang
288,sailor,nonslang
289,scallywag,nonslang
290,scheme,nonslang
291,sculptured,nonslang
292,scummiest,nonslang
293,sensuousness,nonslang
294,shield,nonslang
295,shylock,nonslang
296,snug,nonslang
297,squall,nonslang
298,steeple,nonslang
299,6103022,nonslang
300,strap,nonslang
301,subtended,nonslang
302,superabundance,nonslang
303,sympathizer,nonslang
304,telogen,nonslang
305,terrifies,nonslang
306,they,nonslang
307,timbral,nonslang
308,trampolining,nonslang
309,underpainting,nonslang
310,underrated,nonslang
311,unicorn,nonslang
312,unlike,nonslang
313,unmatched,nonslang
314,unutilized,nonslang
315,upgrade,nonslang
316,uria,nonslang
317,vanadium,nonslang
318,weimaraner,nonslang
424,AWOL,nonslang
425,BFFL,nonslang
426,Baltimoron,nonslang
427,Bible-thumping,nonslang
428,Brotox,nonslang
429,CBA,nonslang
430,DFTBA,nonslang
431,F2F,nonslang
432,GLHF,nonslang
433,54892448,nonslang
435,IBT,nonslang
436,KMT,nonslang
437,McDreamy,nonslang
438,SCNR,nonslang
439,SWF,nonslang
440,TBA,nonslang
441,YooKay,nonslang
442,a-list,nonslang
444,badass,nonslang
445,blankie,nonslang
446,bling,nonslang
447,blowjob,nonslang
448,blumpkin,nonslang
449,bodice-ripper,nonslang
451,bonehead,nonslang
454,bro,slang
455,bromance,nonslang
456,bumfuck,nonslang
457,bupkis,nonslang
458,carny,nonslang
459,celebutante,nonslang
460,chillax,nonslang
461,chones,nonslang
462,36711312,nonslang
463,colitas,nonslang
464,compo,nonslang
467,crappy,nonslang
470,crowdsourcing,nonslang
471,dafuq,nonslang
472,dang,nonslang
473,dis,nonslang
474,dogg,nonslang
475,duckface,nonslang
476,dudette,nonslang
478,43124802,nonslang
479,fanboy,nonslang
480,fap,nonslang
481,fidiot,nonslang
483,flutterby,nonslang
486,gangsta,nonslang
487,gansta,nonslang
488,gayborhood,nonslang
489,glitterati,nonslang
490,143831426,nonslang
492,gorp,nonslang
493,gotsta,nonslang
496,193954045,nonslang
497,gunt,nonslang
498,hasbian,nonslang
499,hells,nonslang
500,horribad,nonslang
501,hypermiler,nonslang
502,incel,nonslang
503,jabroni,nonslang
504,jalopy,nonslang
505,jerkwad,nonslang
508,lame-o,nonslang
509,lemme,nonslang
510,linner,nonslang
512,lowkey,nonslang
513,meme,nonslang
514,120565252,nonslang
516,mosey,nonslang
517,motherfucking,nonslang
518,7953152,nonslang
519,mozzie,nonslang
520,netizen,nonslang
521,next-level,nonslang
522,nuker,nonslang
523,okee-doke,nonslang
525,pedo,nonslang
526,peeps,nonslang
527,plastered,nonslang
528,poopy,nonslang
529,33246647,nonslang
530,preemie,nonslang
531,pregos,nonslang
532,prettyful,nonslang
533,punanni,nonslang
534,rachet,nonslang
536,rapey,nonslang
537,rehab,nonslang
538,relly,nonslang
539,revert,nonslang
540,roofie,nonslang
541,roshambo,nonslang
542,sesh,nonslang
543,shart,nonslang
544,shiesty,nonslang
545,shiznat,nonslang
546,shtick,nonslang
547,sicc,nonslang
548,184790413,nonslang
549,sinse,nonslang
550,sis,slang
552,skeevy,nonslang
553,skyrocket,nonslang
555,slore,nonslang
556,snitch,nonslang
557,soused,nonslang
558,spam,nonslang
559,spec-ops,nonslang
560,spec,nonslang
561,179026588,nonslang
562,179027738,nonslang
563,sploof,nonslang
567,sucky,nonslang
568,tardnation,nonslang
569,tenner,nonslang
570,28199785,nonslang
571,thingamabob,nonslang
575,trisexual,nonslang
576,tweeker,nonslang
577,twit,nonslang
579,wang,nonslang
580,whadja,nonslang
581,whooty,nonslang
582,workaround,nonslang
583,wut,nonslang
585,zooted,nonslang
586,zories,nonslang
604,WOYM,nonslang
737,yeet,nonslang
742,2day,slang
743,2m2h,slang
744,2moro,slang
745,2nite,slang
746,4eae,slang
747,aaf,slang
748,aar,slang
749,aayf,slang
750,abd,slang
751,ack,slang
752,adih,slang
753,adn,slang
754,adr,slang
755,aeap,slang
756,afaic,slang
757,afaik,slang
758,aka,slang
759,ama,slang
760,ambw,slang
761,aml,slang
762,aota,slang
763,asap,slang
764,atb,slang
765,ateotd,slang
766,atm,slang
767,awol,slang
768,aydy,slang
769,ayec,slang
770,ayor,slang
771,ays,slang
772,aysos,slang
773,ayt,slang
774,b/c,slang
775,b4,slang
776,b4n,slang
777,bau,slang
778,bbiaf,slang
779,bbiam,slang
780,bbias,slang
781,bbs,slang
782,bbt,slang
783,bcnu,slang
784,bcoy,slang
785,bd,slang
786,bf,slang
787,bfaw,slang
788,bfd,slang
789,bff,slang
790,bffn,slang
791,bfn,slang
792,bg,slang
793,bgwm,slang
794,bhl8,slang
795,bib,slang
796,bn,slang
797,bol,slang
798,bot,slang
799,boyf,slang
800,brb,slang
801,brh,slang
803,brt,slang
804,bt,slang
805,btw,slang
806,byoc,slang
807,cmb,slang
808,cmiiw,slang
809,cob,slang
810,csl,slang
811,cu,slang
812,cua,slang
813,cul,slang
814,cwyl,slang
815,cya,slang
816,cye,slang
817,cyo,slang
818,dkdc,slang
819,dm,slang
820,dts,slang
821,dur,slang
822,dwbh,slang
823,e1,slang
824,ef4t,slang
825,eod,slang
826,f2f,slang
827,ftf,slang
828,faq,slang
829,fb,slang
830,ff,slang
831,fish,slang
832,fitb,slang
833,ftbomh,slang
834,ftl,slang
835,ftw,slang
836,fwb,slang
837,fwiw,slang
838,fyeo,slang
839,fyi,slang
840,g4c,slang
841,ga,slang
842,gac,slang
843,gas,slang
844,gb,slang
845,gbu,slang
846,gf,slang
847,gfn,slang
848,glhf,slang
849,gmta,slang
850,gnite,slang
851,gr8,slang
852,gratz,slang
853,grl,slang
854,gtsy,slang
855,h&k,slang
856,h2cus,slang
857,h8,slang
858,hag1,slang
859,hagn,slang
860,hand,slang
861,hawt,slang
862,hmb,slang
863,hmu,slang
864,hoas,slang
865,hru,slang
866,ht,slang
867,hth,slang
868,hw,slang
869,iac,slang
870,iae,slang
871,ianal,slang
872,iao,slang
873,ic,slang
874,icymi,slang
875,idc,slang
876,ihni,slang
877,iirc,slang
878,ikr,slang
879,ily,slang
880,im,slang
881,imho,slang
882,imo,slang
883,ims,slang
884,irl,slang
885,isly,slang
886,iso,slang
887,iu2u,slang
888,iykwim,slang
889,j/k,slang
890,j4f,slang
891,jff,slang
892,jic,slang
893,jlmk,slang
894,jmo,slang
895,jsyk,slang
896,jw,slang
897,k,slang
898,kk,slang
899,kiss,slang
900,kit,slang
901,l8,slang
902,l8r,slang
903,lho,slang
904,lmao,slang
905,lmbo,slang
906,lmk,slang
907,lol,slang
908,loti,slang
909,ltns,slang
910,lylas,slang
911,lysm,slang
912,mc,slang
913,mgmt,slang
914,mm,slang
915,msm,slang
916,mu,slang
917,myob,slang
918,nagi,slang
919,nfm,slang
920,nfs,slang
921,nm,slang
922,noyb,slang
923,np,slang
924,nsfl,slang
925,nsfw,slang
926,nts,slang
927,nvm,slang
928,oh,slang
929,oic,slang
930,omg,slang
931,omw,slang
932,orly,slang
933,ot,slang
934,otb,slang
935,otoh,slang
936,otp,slang
937,ott,slang
938,paw,slang
939,pcm,slang
940,pls,slang
941,pov,slang
942,ppl,slang
943,ptb,slang
944,ptmm,slang
945,qq,slang
946,rak,slang
947,rbtl,slang
948,rip,slang
949,rl,slang
950,rofl,slang
951,rt ,slang
952,rtm,slang
953,rys,slang
954,sby,slang
955,sfaik,slang
956,sh,slang
957,simyc,slang
959,sitd,slang
960,smh,slang
961,sol,slang
962,srsly,slang
963,sry,slang
964,ssdd,slang
965,stby,slang
966,swak,slang
967,swyp,slang
968,tafn,slang
969,tba,slang
970,tbc,slang
971,tbh,slang
972,tbl,slang
973,tcb,slang
974,tfh,slang
975,tfs,slang
976,tfti,slang
977,tgif,slang
978,thx,slang
979,tia,slang
980,tiad,slang
981,time,slang
982,tlc,slang
983,tlk2ul8r,slang
984,tmi,slang
985,tmrw,slang
986,ttyl,slang
987,ttys,slang
988,tyfyc,slang
989,tyvm,slang
990,u4e,slang
991,ur,slang
992,vat,slang
993,vbg,slang
994,vsf,slang
995,wam,slang
996,wb,slang
997,wc,slang
998,we,slang
999,weg,slang
1000,witp,slang
1001,wknd,slang
1002,wtf,slang
1003,wth,slang
1004,wtpa,slang
1005,wuf,slang
1006,wycm,slang
1007,wywh,slang
1008,xlnt,slang
1009,xoxo,slang
1010,ycmu,slang
1011,ygm,slang
1012,ymmv,slang
1013,yolo,slang
1014,ytb,slang
1015,yw,slang
1016,ywsyls,slang
1017,aab,slang
1018,aac,slang
1019,aak,slang
1020,aamof,slang
1021,aap,slang
1022,aarp,slang
1023,aat,slang
1024,aawy,slang
1025,abc,slang
1026,abdc,slang
1027,abf,slang
1028,abfab,slang
1029,abg,slang
1030,abh,slang
1031,abp,slang
1032,abu,slang
1033,ac,slang
1034,aclu,slang
1035,acme,slang
1036,acp,slang
1037,acta,slang
1038,acu,slang
1039,ad,slang
1040,adad,slang
1041,add,slang
1042,aded,slang
1043,adgth,slang
1044,adhd,slang
1045,adl,slang
1046,ads,slang
1047,adsl,slang
1048,adtr,slang
1049,ae,slang
1050,aeae,slang
1051,afaia,slang
1052,afaiaa,slang
1053,afaiac,slang
1054,afaics,slang
1055,afaict,slang
1056,afair,slang
1057,afap,slang
1058,afc,slang
1059,affa,slang
1060,afi,slang
1061,afk,slang
1062,afl,slang
1063,afn,slang
1064,afp,slang
1065,afrl,slang
1066,afs,slang
1067,agc,slang
1068,agh,slang
1069,agm,slang
1070,agp,slang
1071,agt,slang
1072,agw,slang
1073,ai,slang
1074,aib,slang
1075,aids,slang
1076,aigf,slang
1077,aiic,slang
1078,aikrn,slang
1079,aimh,slang
1080,ainec,slang
1081,aio,slang
1082,aisb,slang
1083,aisi,slang
1084,aitr,slang
1085,aityd,slang
1086,aiui,slang
1087,aiyc,slang
1088,aj,slang
1089,aktf,slang
1090,alf,slang
1091,alg,slang
1092,alihal,slang
1093,alkqn,slang
1094,alol,slang
1095,alotbsol,slang
1096,alu,slang
1097,alwp,slang
1098,am,slang
1099,amaa,slang
1100,amap,slang
1101,amc,slang
1102,amd,slang
1103,amg,slang
1104,amn,slang
1105,amof,slang
1106,amog,slang
1107,amt,slang
1108,amv,slang
1109,amw,slang
1110,an,slang
1111,anc,slang
1112,anfawfos,slang
1113,anfscd,slang
1114,ansi,slang
1115,antm,slang
1116,anzac,slang
1117,ao,slang
1118,aob,slang
1119,aod,slang
1120,aoe,slang
1121,aok,slang
1122,aom,slang
1123,aon,slang
1124,aos,slang
1125,aot,slang
1126,aots,slang
1127,aow,slang
1128,aoyp,slang
1129,ap,slang
1130,apb,slang
1131,apc,slang
1132,api,slang
1133,apm,slang
1134,apn,slang
1135,apo,slang
1136,apu,slang
1137,apyr,slang
1138,aq,slang
1139,aqap,slang
1140,aqf,slang
1141,ar,slang
1142,ark,slang
1143,arpa,slang
1144,arpanet,slang
1145,arpu,slang
1146,asaic,slang
1147,asaik,slang
1148,asas,slang
1149,asat,slang
1150,asayc,slang
1151,asbo,slang
1152,ascii,slang
1153,aspca,slang
1154,at&t,slang
1155,ata,slang
1156,atap,slang
1157,atc,slang
1158,atd,slang
1159,atf,slang
1160,atgatt,slang
1161,ath,slang
1162,atmo,slang
1163,atn,slang
1164,atoy,slang
1165,atq,slang
1166,atst,slang
1167,att,slang
1168,attt,slang
1169,atv,slang
1170,atvb,slang
1171,atw,slang
1172,atwa,slang
1173,bac,slang
1174,bacs,slang
1175,bagl,slang
1176,bah,slang
1177,bb,slang
1178,bb4n,slang
1179,bbam,slang
1180,bbb,slang
1181,bbbw,slang
1182,bbc,slang
1183,bbeg,slang
1184,bbfl,slang
1185,bbfn,slang
1186,bbg,slang
1187,bbiab,slang
1188,bbiaw,slang
1189,bbk,slang
1190,bbl,slang
1191,bbm,slang
1192,bbml,slang
1193,bbn,slang
1194,bbo,slang
1195,bbq,slang
1196,bbr,slang
1197,bbv,slang
1198,bbw,slang
1199,bbwl,slang
1200,bc,slang
1201,bcbw,slang
1202,bcc,slang
1203,bcd,slang
1204,bce,slang
1205,bcf,slang
1206,bcg,slang
1207,bcs,slang
1208,bdn,slang
1209,bdoml,slang
1210,bdu,slang
1211,bfa,slang
1212,bfab,slang
1213,bfam,slang
1214,bfb,slang
1215,bffae,slang
1216,bffl,slang
1217,bffle,slang
1218,bffltddup,slang
1219,bffwb,slang
1220,bfitw,slang
1221,bfk,slang
1222,bfmv,slang
1223,bfp,slang
1224,bftp,slang
1225,bfut,slang
1226,bfwb,slang
1227,bgd,slang
1228,bgf,slang
1229,bgl,slang
1230,bgm,slang
1231,bgt,slang
1232,bh,slang
1233,bhd,slang
1234,bhh,slang
1235,bhm,slang
1236,bho,slang
1237,bhs,slang
1238,biab,slang
1239,bic,slang
1240,bicbw,slang
1241,bieh,slang
1242,biffl,slang
1243,bing,slang
1244,bm,slang
1245,bm4l,slang
1246,bmak,slang
1247,bmb,slang
1248,bmbo,slang
1249,bme,slang
1250,bmfe,slang
1251,bmfl,slang
1252,bmg,slang
1253,bmi,slang
1254,bml,slang
1255,bmoc,slang
1256,bms,slang
1257,bmt,slang
1258,bmth,slang
1259,bmttve,slang
1260,bmus,slang
1261,bmv,slang
1262,bmw,slang
1263,bmx,slang
1264,bnb,slang
1265,bnf,slang
1266,bni,slang
1267,bnib,slang
1268,bnoc,slang
1269,bnp,slang
1270,bnr,slang
1271,bnwot,slang
1272,bnwt,slang
1273,bo,slang
1274,boat,slang
1275,bobfoc,slang
1276,boed,slang
1277,bogo,slang
1278,bogof,slang
1279,bogsat,slang
1280,cc,slang
1281,ccc,slang
1282,ccg,slang
1283,ccie,slang
1284,ccl,slang
1285,ccna,slang
1286,ccr,slang
1287,cctv,slang
1288,ccw,slang
1289,cd,slang
1290,cdc,slang
1291,cdma,slang
1292,cd rw,slang
1293,clwy,slang
1294,cm,slang
1295,cmar,slang
1296,cme,slang
1297,cmeo,slang
1298,cmh,slang
1299,cmho,slang
1300,cmi,slang
1301,cmiyc,slang
1302,cml,slang
1303,cmn,slang
1304,cmos,slang
1305,cms,slang
1306,cmu,slang
1307,cmyk,slang
1308,cnn,slang
1309,cny,slang
1310,co,slang
1311,coa,slang
1312,cod,slang
1313,col,slang
1314,crb,slang
1315,crbt,slang
1316,cwtsy,slang
1317,cyb,slang
1318,cybi,slang
1319,cydi,slang
1320,cydm,slang
1321,cyf,slang
1322,cyl,slang
1323,cym,slang
1324,dln,slang
1325,dls,slang
1326,dltbbb,slang
1327,dltbgyd,slang
1328,dltm,slang
1329,dlv,slang
1330,dmaf,slang
1331,dmal,slang
1332,dmb,slang
1333,dmc,slang
1334,dmca,slang
1335,dmi,slang
1336,dmiid,slang
1337,dmm,slang
1338,dmml,slang
1339,dms,slang
1340,dmt,slang
1341,dmta,slang
1342,dmv,slang
1343,dmw,slang
1344,dmx,slang
1345,dmy,slang
1346,dmz,slang
1347,dn,slang
1348,dna,slang
1349,dnc,slang
1350,dnd,slang
1351,dndc,slang
1352,dne,slang
1353,dnf,slang
1354,dnftt,slang
1355,dnk,slang
1356,dnm,slang
1357,dnp,slang
1358,dnr,slang
1359,dns,slang
1360,dntk,slang
1361,dnw,slang
1362,doa,slang
1363,dob,slang
1364,doc,slang
1365,dod,slang
1366,doe,slang
1367,dof,slang
1368,dofl,slang
1369,drt,slang
1370,ds,slang
1371,dsd,slang
1372,dsl,slang
1373,dslr,slang
1374,dsp,slang
1375,dss,slang
1376,dst,slang
1377,dt,slang
1378,dta,slang
1379,dtam,slang
1380,dtb,slang
1381,dtc,slang
1382,dtd,slang
1383,dte,slang
1384,dth,slang
1385,dtl,slang
1386,dtm,slang
1387,dtms,slang
1388,dtmwtd,slang
1389,dtp,slang
1390,dtr,slang
1391,dtrt,slang
1392,dtt,slang
1393,dttc,slang
1394,dttm,slang
1395,dtyt,slang
1396,ebm,slang
1397,ebt,slang
1398,elol,slang
1399,eob,slang
1400,eoc,slang
1401,eoe,slang
1402,eof,slang
1403,eog,slang
1404,eol,slang
1405,eom,slang
1406,eor,slang
1407,eos,slang
1408,eot,slang
1409,eotd,slang
1410,eotw,slang
1411,eotwawki,slang
1412,eow,slang
1413,epos,slang
1414,eprom,slang
1415,erp,slang
1416,esa,slang
1417,esb,slang
1418,esd,slang
1419,esl,slang
1420,esol,slang
1421,esp,slang
1422,espn,slang
1423,esrb,slang
1424,est,slang
1425,estd,slang
1426,et,slang
1427,eta,slang
1428,etc,slang
1429,etd,slang
1430,etf,slang
1431,etid,slang
1432,etw,slang
1433,eu,slang
1434,eua,slang
1435,euc,slang
1436,eula,slang
1437,ev,slang
1438,fya,slang
1439,fyc,slang
1440,fye,slang
1441,fyk,slang
1442,fym,slang
1443,fyp,slang
1444,fyr,slang
1445,fyt,slang
1446,g o a t,slang
1447,gafia,slang
1448,gafm,slang
1449,gba,slang
1450,gbfn,slang
1451,gbh,slang
1452,gbml,slang
1453,gbnf,slang
1454,gbp,slang
1455,gbtm,slang
1456,gbtw,slang
1457,gbwy,slang
1458,gby,slang
1459,gc,slang
1460,gcf,slang
1461,gcmg,slang
1462,gcse,slang
1463,gcwok,slang
1464,gd,slang
1465,gdfr,slang
1466,gdi,slang
1467,gdp,slang
1468,ge,slang
1469,ged,slang
1470,gfa,slang
1471,gfak,slang
1472,gfc,slang
1473,gfete,slang
1474,gff,slang
1475,gfi,slang
1476,gfp,slang
1477,gftw,slang
1478,gfu,slang
1479,gfwl,slang
1480,gfy,slang
1481,gg,slang
1482,gga,slang
1483,ggbb,slang
1484,ggg,slang
1485,ggn,slang
1486,ggnore,slang
1487,ggoh,slang
1488,gh,slang
1489,ghb,slang
1490,ghd,slang
1491,giwist,slang
1492,giy,slang
1493,giyf,slang
1494,gj,slang
1495,gjoac,slang
1496,gjwhf,slang
1497,gk,slang
1498,gky,slang
1499,gl,slang
1500,gl hf,slang
1501,gla,slang
1502,glag,slang
1503,glotr,slang
1504,glta,slang
1505,glty,slang
1506,glu,slang
1507,glws,slang
1508,glwt,slang
1509,gm,slang
1510,gma,slang
1511,gmab,slang
1512,gmt,slang
1513,gmv,slang
1514,gmy,slang
1515,gn,slang
1516,gnd,slang
1517,gne,slang
1518,gnfb,slang
1519,gnsd,slang
1520,goat,slang
1521,gomer,slang
1522,gomf,slang
1523,goml,slang
1524,goomf,slang
1525,gooml,slang
1526,gop,slang
1527,gp,slang
1528,gpa,slang
1529,gpc,slang
1530,gpl,slang
1531,gpoy,slang
1532,gpoyw,slang
1533,gprs,slang
1534,gps,slang
1535,gpu,slang
1536,gr,slang
1537,gsd,slang
1538,gsm,slang
1539,gsoh,slang
1540,gsr,slang
1541,gstq,slang
1542,gsw,slang
1543,gtb,slang
1544,gtbb,slang
1545,gtbosh,slang
1546,gtd,slang
1547,gtg,slang
1548,gtgg,slang
1549,gth,slang
1550,gthba,slang
1551,gtho,slang
1552,gtk,slang
1553,gtm,slang
1554,gto,slang
1555,gtrm,slang
1556,gtts,slang
1557,gtw,slang
1558,gu,slang
1559,guti,slang
1560,gw,slang
1561,gwas,slang
1562,gwc,slang
1563,gwg,slang
1564,gwi,slang
1565,gwk,slang
1566,gwp,slang
1567,gwr,slang
1568,gws,slang
1569,gwtf,slang
1570,gwtp,slang
1571,gyaldem,slang
1572,gyc,slang
1573,gyfs,slang
1574,gyo,slang
1575,gyt,slang
1576,hagd,slang
1577,hage,slang
1578,hagl,slang
1579,hago,slang
1580,hags,slang
1581,hagt,slang
1582,haistk,slang
1583,hay,slang
1584,hayd,slang
1585,hayt,slang
1586,hbd,slang
1587,hbk,slang
1588,hbn,slang
1589,hbo,slang
1590,hbp,slang
1591,hbt,slang
1592,hbtu,slang
1593,hbty,slang
1594,hby,slang
1595,hc,slang
1596,hcdajfu,slang
1597,hcit,slang
1598,hd,slang
1599,hdd,slang
1600,hdmi,slang
1601,hdth,slang
1602,hdtv,slang
1603,hdy,slang
1604,hdyd,slang
1605,hdydt,slang
1606,hdyk,slang
1607,he,slang
1608,hea,slang
1609,henry,slang
1610,hf,slang
1611,hffa,slang
1612,hfgl,slang
1613,hfy,slang
1614,hg,slang
1615,hgh,slang
1616,hgi,slang
1617,hgl,slang
1618,hgtv,slang
1619,hgv,slang
1620,hh,slang
1621,hhis,slang
1622,hhoj,slang
1623,hhok,slang
1624,hhvf,slang
1625,hhww,slang
1626,hig,slang
1627,hiik,slang
1628,himym,slang
1629,hiv,slang
1630,hiwth,slang
1631,hjntiy,slang
1632,hk,slang
1633,hl,slang
1634,hlas,slang
1635,hmi,slang
1636,hmihy,slang
1637,hml,slang
1638,hmp,slang
1639,hms,slang
1640,hmul,slang
1641,hmv,slang
1642,hng,slang
1643,hnos,slang
1644,hnr,slang
1645,hny,slang
1646,ho,slang
1647,hoa,slang
1648,hoay,slang
1649,hof,slang
1650,hog,slang
1651,hoh,slang
1652,holland,slang
1653,hov,slang
1654,howdy,slang
1655,hp,slang
1656,hq,slang
1657,hr,slang
1658,hrc,slang
1659,hrh,slang
1660,hsbc,slang
1661,hsh,slang
1662,hsik,slang
1663,hsit,slang
1664,hsl,slang
1665,hsm,slang
1666,hsp,slang
1667,hspda,slang
1668,hst,slang
1669,hsv2,slang
1670,htbt,slang
1671,htc,slang
1672,hte,slang
1673,htg,slang
1674,hthfys,slang
1675,htm,slang
1676,html,slang
1677,htsys,slang
1678,http,slang
1679,https,slang
1680,httr,slang
1681,hu,slang
1682,hua,slang
1683,hvac,slang
1684,hvd,slang
1685,hwb,slang
1686,hwga,slang
1687,hwp,slang
1688,hwsnbn,slang
1689,hwu,slang
1690,hwyd,slang
1691,hyb,slang
1692,hyd,slang
1693,hyfb,slang
1694,hyg,slang
1695,hyh,slang
1696,hyip,slang
1697,hyp,slang
1698,hys,slang
1699,hyu,slang
1700,ia,slang
1701,iab,slang
1702,iabw,slang
1703,iad,slang
1704,iag,slang
1705,iak,slang
1706,ial,slang
1707,ialto,slang
1708,iama,slang
1709,ianad,slang
1710,ias,slang
1711,iau,slang
1712,iaw,slang
1713,iawtc,slang
1714,iawtcsm,slang
1715,iawtp,slang
1716,iay,slang
1717,ib,slang
1718,ib2d,slang
1719,ib4tl,slang
1720,iban,slang
1721,ibb,slang
1722,ibk,slang
1723,ibl,slang
1724,ibm,slang
1725,ibmts,slang
1726,ibs,slang
1727,ibtd,slang
1728,ibtl,slang
1729,ibuwu,slang
1730,ibw,slang
1731,ibyp,slang
1732,icam,slang
1733,icay,slang
1734,icb,slang
1735,icbb,slang
1736,icbi,slang
1737,icbinb,slang
1738,icbm,slang
1739,icbsst,slang
1740,icbw,slang
1741,icc,slang
1742,iccl,slang
1743,icr,slang
1744,icsl,slang
1745,icstay,slang
1746,ict,slang
1747,icu,slang
1748,icw,slang
1749,icydk,slang
1750,idbi,slang
1751,idby,slang
1752,ide,slang
1753,idec,slang
1754,idek,slang
1755,ideky,slang
1756,idewtk,slang
1757,idfg,slang
1758,idfli,slang
1759,idgad,slang
1760,idghp,slang
1761,idgi,slang
1762,idhac,slang
1763,idhtt,slang
1764,idi,slang
1765,idj,slang
1766,idk,slang
1767,idke,slang
1768,idkw,slang
1769,idkwtd,slang
1770,idkwym,slang
1771,idky,slang
1772,idl,slang
1773,idli,slang
1774,idlt,slang
1775,idly,slang
1776,idm,slang
1777,idnk,slang
1778,idr,slang
1779,idrc,slang
1780,idrk,slang
1781,idst,slang
1782,idt,slang
1783,idts,slang
1784,idu,slang
1785,idunno,slang
1786,idw,slang
1787,idwk,slang
1788,idwt,slang
1789,idwtai,slang
1790,idwtk,slang
1791,ie,slang
1792,ied,slang
1793,ieee,slang
1794,iep,slang
1795,ifm,slang
1796,igi,slang
1797,igm,slang
1798,igmc,slang
1799,ign,slang
1800,ignb,slang
1801,ignts,slang
1802,igs,slang
1803,igtg,slang
1804,igu,slang
1805,igwt,slang
1806,igy,slang
1807,igyb,slang
1808,ih8u,slang
1809,ihac,slang
1810,ihdk,slang
1811,ihm,slang
1812,ihml,slang
1813,ihnc,slang
1814,iho,slang
1815,ihop,slang
1816,ihp,slang
1817,ihs,slang
1818,iht,slang
1819,ihy,slang
1820,ihydm,slang
1821,ihysm,slang
1822,iib,slang
1823,iifym,slang
1824,iih,slang
1825,iil,slang
1826,iinm,slang
1827,iir,slang
1828,iis,slang
1829,iituwutmas,slang
1830,iitwi,slang
1831,iitywimiwhtky,slang
1832,iitywtmwybmad,slang
1833,iitywtmwykm,slang
1834,iitywybmad,slang
1835,iiuc,slang
1836,iiwii,slang
1837,iiwy,slang
1838,ij,slang
1839,ijaf,slang
1840,ijdk,slang
1841,ijg,slang
1842,ijk,slang
1843,ijl,slang
1844,ijs,slang
1845,ijwtk,slang
1846,ijwts,slang
1847,ik,slang
1848,ikh,slang
1849,ikhyf,slang
1850,ikly,slang
1851,ikm,slang
1852,ikmty,slang
1853,ikn,slang
1854,ikt,slang
1855,iktf,slang
1856,iktr,slang
1857,ikwum,slang
1858,ikwydls,slang
1859,ikwyl,slang
1860,ikwym,slang
1861,iky,slang
1862,ikyp,slang
1863,il,slang
1864,ild,slang
1865,ilh,slang
1866,ili,slang
1867,ilm,slang
1868,ilml,slang
1869,ilmo,slang
1870,ilny,slang
1871,ils,slang
1872,ilt,slang
1873,ily2,slang
1874,ilya,slang
1875,ilyaaf,slang
1876,ilyam,slang
1877,ilyb,slang
1878,ilyf,slang
1879,ilyg,slang
1880,ilyk,slang
1881,ilyl,slang
1882,ilylas,slang
1883,ilylt,slang
1884,ilym,slang
1885,ilysdm,slang
1886,ilysm,slang
1887,ilysmb,slang
1888,ilysmm,slang
1889,ilyt,slang
1890,ilytb,slang
1891,ilyvm,slang
1892,ilywamh,slang
1893,imaho,slang
1894,imao,slang
1895,imap,slang
1896,imbo,slang
1897,imco,slang
1898,imd,slang
1899,imdb,slang
1900,ime,slang
1901,imeo,slang
1902,imf,slang
1903,imh,slang
1904,imk,slang
1905,immao,slang
1906,immd,slang
1907,imml,slang
1908,imnsho,slang
1909,imoo,slang
1910,imp,slang
1911,impo,slang
1912,imr,slang
1913,imsmr,slang
1914,imu,slang
1915,imusm,slang
1916,imvu,slang
1917,imwtk,slang
1918,imy,slang
1919,imya,slang
1920,imym,slang
1921,imysm,slang
1922,imyt,slang
1923,inah,slang
1924,inb,slang
1925,inbd,slang
1926,incydk,slang
1927,inpo,slang
1928,inrs,slang
1929,ins,slang
1930,intk,slang
1931,intp,slang
1932,invu,slang
1933,inwly,slang
1934,iny,slang
1935,ioab,slang
1936,ioc,slang
1937,ioh,slang
1938,ioi,slang
1939,ioic,slang
1940,iokiyar,slang
1941,iom,slang
1942,iomw,slang
1943,ion,slang
1944,iou,slang
1945,iow,slang
1946,ioyk,slang
1947,ip,slang
1948,ipa,slang
1949,ipc,slang
1950,ipo,slang
1951,iq,slang
1952,ir,slang
1953,ira,slang
1954,irah,slang
1955,irc,slang
1956,irdc,slang
1957,irdk,slang
1958,irly,slang
1959,irmc,slang
1960,irs,slang
1961,isb,slang
1962,isbn,slang
1963,isdk,slang
1964,isdn,slang
1965,ishk,slang
1966,isp,slang
1967,iss,slang
1968,issn,slang
1969,istatoy,slang
1970,istg,slang
1971,istm,slang
1972,istr,slang
1973,iswydt,slang
1974,iswym,slang
1975,it,slang
1976,ita,slang
1977,itai,slang
1978,italy,slang
1979,itc,slang
1980,itf,slang
1981,itg,slang
1982,itiailwy,slang
1983,itiky,slang
1984,itilu,slang
1985,itily,slang
1986,itk,slang
1987,itm,slang
1988,itma,slang
1989,itn,slang
1990,ito,slang
1991,itoy,slang
1992,itp,slang
1993,its,slang
1994,itso,slang
1995,itt,slang
1996,ittet,slang
1997,itv,slang
1998,itwym,slang
1999,ityf,slang
2000,ityl,slang
2001,itym,slang
2002,itys,slang
2003,ivf,slang
2004,iwaly,slang
2005,iwbb,slang
2006,iwc,slang
2007,iwhi,slang
2008,iwid,slang
2009,iwik,slang
2010,iwiwt,slang
2011,iwm,slang
2012,iwoot,slang
2013,iwtd,slang
2014,iwy,slang
2015,iyam,slang
2016,iybtyba,slang
2017,iyd,slang
2018,iydk,slang
2019,iydm,slang
2020,iyf,slang
2021,iygm,slang
2022,iyh,slang
2023,iyl,slang
2024,iyo,slang
2025,iyss,slang
2026,iyswim,slang
2027,iytt,slang
2028,iyw,slang
2029,iyww,slang
2030,j,slang
2031,jaf,slang
2032,jafa,slang
2033,japan,slang
2034,jas,slang
2035,jat,slang
2036,jatq,slang
2037,jb,slang
2038,jbh,slang
2039,jbt,slang
2040,jbu,slang
2041,jby,slang
2042,jc,slang
2043,jcb,slang
2044,jd,slang
2045,jdi,slang
2046,jdlr,slang
2047,jdm,slang
2048,jfk,slang
2049,jfn,slang
2050,jft,slang
2051,jftr,slang
2052,jfy,slang
2053,jfyi,slang
2054,jg,slang
2055,jgb,slang
2056,jgh,slang
2057,jgi,slang
2058,jgl,slang
2059,jhc,slang
2060,jhp,slang
2061,jicydk,slang
2062,jj,slang
2063,jk,slang
2064,jkd,slang
2065,jls,slang
2066,jlt,slang
2067,jluk,slang
2068,jly,slang
2069,jlyk,slang
2070,jm,slang
2071,jma,slang
2072,jmho,slang
2073,jml,slang
2074,jms,slang
2075,jmt,slang
2076,jn,slang
2077,jooc,slang
2078,jp,slang
2079,jpa,slang
2080,jpeg,slang
2081,jrotc,slang
2082,jrpg,slang
2083,js,slang
2084,jsmn,slang
2085,jsp,slang
2086,jsu,slang
2087,jtb,slang
2088,jtc,slang
2089,jtlyk,slang
2090,jtol,slang
2091,jtoy,slang
2092,jtty,slang
2093,jtusk,slang
2094,juad,slang
2095,jv,slang
2096,jwas,slang
2097,jwd,slang
2098,jwg,slang
2099,jwtk,slang
2100,jwtlyk,slang
2101,jwu,slang
2102,jww,slang
2103,kafm,slang
2104,kcaco,slang
2105,kcco,slang
2106,kd,slang
2107,kdr,slang
2108,kf,slang
2109,kfc,slang
2110,kgb,slang
2111,kh,slang
2112,khyf,slang
2113,kia,slang
2114,kicks,slang
2115,kig,slang
2116,kim,slang
2117,kio,slang
2118,kip,slang
2119,kir,slang
2120,kirf,slang
2121,kis,slang
2122,kisa,slang
2123,kiu,slang
2124,kiv,slang
2125,kkk,slang
2126,kkkk,slang
2127,km,slang
2128,kmfc,slang
2129,kml,slang
2130,kmn,slang
2131,kmp,slang
2132,kmt,slang
2133,kmu,slang
2134,kod,slang
2135,kos,slang
2136,kotc,slang
2137,koth,slang
2138,kotl,slang
2139,kotor,slang
2140,kp,slang
2141,kpc,slang
2142,kpg,slang
2143,kpi,slang
2144,kr,slang
2145,kro,slang
2146,ks,slang
2147,ktbffh,slang
2148,ktbspa,slang
2149,ktf,slang
2150,kwim,slang
2151,kwis,slang
2152,kyfc,slang
2153,kyo,slang
2154,kyp,slang
2155,lafs,slang
2156,lak,slang
2157,lal,slang
2158,lalb,slang
2159,lam,slang
2160,lamn,slang
2161,lan,slang
2162,lapd,slang
2163,larp,slang
2164,lart,slang
2165,laser,slang
2166,lat,slang
2167,latm,slang
2168,lbc,slang
2169,lbd,slang
2170,lbdn,slang
2171,lbh,slang
2172,lbm,slang
2173,lbnl,slang
2174,lbr,slang
2175,lbrs,slang
2176,lbvs,slang
2177,lbw,slang
2178,lc,slang
2179,lcd,slang
2180,lcts,slang
2181,ld,slang
2182,lda,slang
2183,ldh,slang
2184,ldi,slang
2185,ldl,slang
2186,ldo,slang
2187,ldr,slang
2188,lds,slang
2189,le,slang
2190,lec,slang
2191,led,slang
2192,leo,slang
2193,lev,slang
2194,lf,slang
2195,lf1m,slang
2196,lfdy,slang
2197,lfg,slang
2198,lfm,slang
2199,lfmf,slang
2200,lfp,slang
2201,lfti,slang
2202,lftsu,slang
2203,lfw,slang
2204,lg,slang
2205,lgbtq,slang
2206,lgd,slang
2207,lgfb,slang
2208,lgmh,slang
2209,lgo,slang
2210,lgt,slang
2211,lgtm,slang
2212,lh,slang
2213,lhh,slang
2214,lhk,slang
2215,lhm,slang
2216,lhyw,slang
2217,li,slang
2218,lifo,slang
2219,lig,slang
2220,lih,slang
2221,lihop,slang
2222,liita,slang
2223,lilaboc,slang
2224,limb,slang
2225,limh,slang
2226,limm,slang
2227,lirl,slang
2228,lis,slang
2229,lits,slang
2230,liu,slang
2231,ljbf,slang
2232,ll,slang
2233,llap,slang
2234,llc,slang
2235,llh,slang
2236,lll,slang
2237,llttf,slang
2238,lm,slang
2239,lma,slang
2240,lmad,slang
2241,lmam,slang
2242,lmap,slang
2243,lmc,slang
2244,lmco,slang
2245,lmg,slang
2246,lmgtfy,slang
2247,lmho,slang
2248,lmirl,slang
2249,lml,slang
2250,lmpo,slang
2251,lmr,slang
2252,lms,slang
2253,lmso,slang
2254,lmt,slang
2255,lmtal,slang
2256,lnf,slang
2257,lnib,slang
2258,lnt,slang
2259,loa,slang
2260,lolak,slang
2261,loll,slang
2262,lolol,slang
2263,lolv,slang
2264,lomb,slang
2265,loml,slang
2266,lomo,slang
2267,lool,slang
2268,loq,slang
2269,lorl,slang
2270,los,slang
2271,lotd,slang
2272,lotr,slang
2273,lotro,slang
2274,lovl,slang
2275,loyol,slang
2276,loz,slang
2277,lp,slang
2278,lpg,slang
2279,lpt,slang
2280,lqi,slang
2281,lql,slang
2282,lqtm,slang
2283,lqtms,slang
2284,lqty,slang
2285,lrf,slang
2286,lrg,slang
2287,lrl,slang
2288,lsat,slang
2289,lse,slang
2290,lsh,slang
2291,lshic,slang
2292,lshidmt,slang
2293,lshmbh,slang
2294,lsi,slang
2295,lsmft,slang
2296,lsmih,slang
2297,lsp,slang
2298,lss,slang
2299,lstm,slang
2300,lta,slang
2301,ltb,slang
2302,ltd,slang
2303,ltg,slang
2304,lth,slang
2305,ltic,slang
2306,ltl,slang
2307,ltm,slang
2308,ltma,slang
2309,ltmq,slang
2310,ltms,slang
2311,ltnc,slang
2312,ltnt,slang
2313,ltp,slang
2314,ltr,slang
2315,lts,slang
2316,lty,slang
2317,lui,slang
2318,lul,slang
2319,lulab,slang
2320,lulas,slang
2321,lv,slang
2322,lw,slang
2323,lwicd,slang
2324,lwkm,slang
2325,lwkmd,slang
2326,lwm,slang
2327,lwp,slang
2328,lwt,slang
2329,lwwy,slang
2330,ly,slang
2331,lya,slang
2332,lyaaf,slang
2333,lyb,slang
2334,lyf,slang
2335,lyk,slang
2336,lyl,slang
2337,lylab,slang
2338,lylaf,slang
2339,lylc,slang
2340,lylmb,slang
2341,lylt,slang
2342,lym,slang
2343,lymi,slang
2344,lymy,slang
2345,lymywy,slang
2346,lyr,slang
2347,lyt,slang
2348,lytd,slang
2349,lz,slang
2350,ma,slang
2351,maab,slang
2352,mac,slang
2353,madd,slang
2354,mapoti,slang
2355,mas,slang
2356,maw,slang
2357,mawoy,slang
2358,mba,slang
2359,mbd,slang
2360,mbf,slang
2361,mbfam,slang
2362,mbm,slang
2363,mbn,slang
2364,mbo,slang
2365,mbps,slang
2366,mbr,slang
2367,mbt,slang
2368,mbw,slang
2369,mcl,slang
2370,mcm,slang
2371,mcp,slang
2372,mcr,slang
2373,mcw,slang
2374,mdf,slang
2375,mdk,slang
2376,mdr,slang
2377,mdw,slang
2378,mego,slang
2379,mfc,slang
2380,mfeo,slang
2381,mfg,slang
2382,mfl,slang
2383,mfw,slang
2384,mgby,slang
2385,mgd,slang
2386,mgk,slang
2387,mgm,slang
2388,mgo,slang
2389,mgs,slang
2390,mh,slang
2391,mhbfy,slang
2392,mho,slang
2393,mhoty,slang
2394,mhr,slang
2395,mi6,slang
2396,mia,slang
2397,mib,slang
2398,midi,slang
2399,miga,slang
2400,mih,slang
2401,mihop,slang
2402,mil,slang
2403,mimo,slang
2404,mip,slang
2405,mips,slang
2406,mirl,slang
2407,misb,slang
2408,miso,slang
2409,mj,slang
2410,mlas,slang
2411,mlb,slang
2412,mlg,slang
2413,mlia,slang
2414,mlib,slang
2415,mlig,slang
2416,mlim,slang
2417,mlm,slang
2418,mlp,slang
2419,mls,slang
2420,mltr,slang
2421,mlyp,slang
2422,mm2,slang
2423,mma,slang
2424,mmamp,slang
2425,mmao,slang
2426,mmc,slang
2427,mmd,slang
2428,mmh,slang
2429,mmi,slang
2430,mml,slang
2431,mmofps,slang
2432,mmorpg,slang
2433,mms,slang
2434,mmt,slang
2435,mmv,slang
2436,mnc,slang
2437,mnf,slang
2438,mnt,slang
2439,mo,slang
2440,moab,slang
2441,moam,slang
2442,moas,slang
2443,moba,slang
2444,moc,slang
2445,moh,slang
2446,mol,slang
2447,moo,slang
2448,mopo,slang
2449,moq,slang
2450,mos,slang
2451,mot,slang
2452,motb,slang
2453,motd,slang
2454,motku,slang
2455,moto,slang
2456,motwyw,slang
2457,mou,slang
2458,mp,slang
2459,mpa,slang
2460,mpaa,slang
2461,mpe,slang
2462,mpeg,slang
2463,mpg,slang
2464,mph,slang
2465,mpo,slang
2466,mpog,slang
2467,mpua,slang
2468,mpv,slang
2469,mr,slang
2470,mre,slang
2471,mri,slang
2472,mrp,slang
2473,mrw,slang
2474,msdn,slang
2475,msdos,slang
2476,ms dos,slang
2477,msf,slang
2478,msfam,slang
2479,msg,slang
2480,msi,slang
2481,msrp,slang
2482,mst,slang
2483,mta,slang
2484,mtbf,slang
2485,mtbmw,slang
2486,mtc,slang
2487,mtd,slang
2488,mte,slang
2489,mtf,slang
2490,mtfbwy,slang
2491,mtg,slang
2492,mtlbwy,slang
2493,mto,slang
2494,mtuk,slang
2495,mtv,slang
2496,mtw,slang
2497,mtyk,slang
2498,mua,slang
2499,mud,slang
2500,mung,slang
2501,mva,slang
2502,mvp,slang
2503,mw2,slang
2504,mw3,slang
2505,mwc,slang
2506,mwf,slang
2507,mwi,slang
2508,mwm,slang
2509,mwpp,slang
2510,my,slang
2511,myb,slang
2512,mych,slang
2513,myf,slang
2514,myggwy,slang
2515,myl,slang
2516,mymp,slang
2517,myodb,slang
2518,mysm,slang
2519,myt,slang
2520,na,slang
2521,naa,slang
2522,naacp,slang
2523,nabd,slang
2524,nac,slang
2525,nagl,slang
2526,nak,slang
2527,nal,slang
2528,nalgas,slang
2529,nalgo,slang
2530,nalopkt,slang
2531,nambla,slang
2532,nap,slang
2533,narp,slang
2534,naru,slang
2535,nas,slang
2536,nasa,slang
2537,nascar,slang
2538,nasdaq,slang
2539,nasl,slang
2540,natm,slang
2541,nato,slang
2542,natty,slang
2543,nb,slang
2544,nba,slang
2545,nbb,slang
2546,nbc,slang
2547,nbd,slang
2548,nbf,slang
2549,nbg,slang
2550,nbif,slang
2551,nbk,slang
2552,nbm,slang
2553,nbsb,slang
2554,nbt,slang
2555,nbtd,slang
2556,nbtw,slang
2557,nc,slang
2558,nc 17,slang
2559,ncaa,slang
2560,ncb,slang
2561,ncis,slang
2562,ncmo,slang
2563,ncnr,slang
2564,ncns,slang
2565,nco,slang
2566,nda,slang
2567,nde,slang
2568,ndi,slang
2569,ndp,slang
2570,ndr,slang
2571,nds,slang
2572,nea,slang
2573,ned,slang
2574,nedm,slang
2575,neet,slang
2576,negl,slang
2577,negu,slang
2578,nei,slang
2579,ner,slang
2580,nf,slang
2581,nfa,slang
2582,nfaa,slang
2583,nfi,slang
2584,nfl,slang
2585,nfn,slang
2586,nfsw,slang
2587,nft,slang
2588,nfy,slang
2589,nfz,slang
2590,ng,slang
2591,ngh,slang
2592,ngl,slang
2593,ngo,slang
2594,ngu,slang
2595,nguns,slang
2596,nh,slang
2597,nhb,slang
2598,nhd,slang
2599,nhf,slang
2600,nhft,slang
2601,nhl,slang
2602,nhn,slang
2603,nhoi,slang
2604,nhs,slang
2605,nhtb,slang
2606,ni,slang
2607,niamy,slang
2608,nib,slang
2609,nic,slang
2610,nice,slang
2611,nicu,slang
2612,nid,slang
2613,nik,slang
2614,nimby,slang
2615,niml,slang
2616,nin,slang
2617,nism,slang
2618,nitm,slang
2619,nitw,slang
2620,nj,slang
2621,njpw,slang
2622,nk,slang
2623,nka,slang
2624,nkotb,slang
2625,nkz,slang
2626,nla,slang
2627,nli,slang
2628,nlm,slang
2629,nlt,slang
2630,nlyg,slang
2631,nme,slang
2632,nmf,slang
2633,nmg,slang
2634,nmh,slang
2635,nmhjc,slang
2636,nmi,slang
2637,nmj,slang
2638,nmjc,slang
2639,nmjcu,slang
2640,nmn,slang
2641,nmo,slang
2642,nmp,slang
2643,nmr,slang
2644,nms,slang
2645,nmt,slang
2646,nmu,slang
2647,nmw,slang
2648,nmwh,slang
2649,nmy,slang
2650,nn,slang
2651,nnito,slang
2652,nnto,slang
2653,nntp,slang
2654,nntr,slang
2655,noc,slang
2656,noi,slang
2657,nok,slang
2658,nokd,slang
2659,noly,slang
2660,nom,slang
2661,nomb,slang
2662,nos,slang
2663,nota,slang
2664,notb,slang
2665,notw,slang
2666,noydb,slang
2667,npaa,slang
2668,npc,slang
2669,npi,slang
2670,npnt,slang
2671,npo,slang
2672,npr,slang
2673,npw,slang
2674,npz,slang
2675,nqat,slang
2676,nqr,slang
2677,nr,slang
2678,nra,slang
2679,nre,slang
2680,nrfb,slang
2681,nri,slang
2682,nrl,slang
2683,nrn,slang
2684,nsa,slang
2685,nsaw,slang
2686,nsd,slang
2687,nsf,slang
2688,nsfa,slang
2689,nsftbc,slang
2690,nsfv,slang
2691,nsm,slang
2692,nsn,slang
2693,nspcc,slang
2694,nsw,slang
2695,nt,slang
2696,ntb,slang
2697,ntbcw,slang
2698,ntd,slang
2699,ntfs,slang
2700,ntk,slang
2701,ntl,slang
2702,ntm,slang
2703,ntmy,slang
2704,ntn,slang
2705,ntr,slang
2706,ntsc,slang
2707,ntsh,slang
2708,ntt,slang
2709,nttawwt,slang
2710,nttu,slang
2711,ntw,slang
2712,ntwf,slang
2713,nty,slang
2714,nus,slang
2715,nvms,slang
2716,nvn,slang
2717,nvng,slang
2718,nw,slang
2719,nwih,slang
2720,nwim,slang
2721,nwj,slang
2722,nwly,slang
2723,nwm,slang
2724,nwnc,slang
2725,nwo,slang
2726,nwot,slang
2727,nws,slang
2728,nwt,slang
2729,ny,slang
2730,nyb,slang
2731,nyc,slang
2732,nyd,slang
2733,nye,slang
2734,nyf,slang
2735,nyi,slang
2736,nyk,slang
2737,nyob,slang
2738,nyp,slang
2739,nypd,slang
2740,nyse,slang
2741,nyt,slang
2742,nyu,slang
2743,oa,slang
2744,oan,slang
2745,oao,slang
2746,oap,slang
2747,oatus,slang
2748,oaus,slang
2749,ob,slang
2750,obby,slang
2751,obe,slang
2752,obhwf,slang
2753,obo,slang
2754,obq,slang
2755,obtw,slang
2756,obx,slang
2757,oc,slang
2758,ocd,slang
2759,ocn,slang
2760,oco,slang
2761,ocr,slang
2762,oct,slang
2763,odaat,slang
2764,odf,slang
2765,odg,slang
2766,odl,slang
2767,odst,slang
2768,odt,slang
2769,oe,slang
2770,oed,slang
2771,oem,slang
2772,ofay,slang
2773,ofgs,slang
2774,ofh,slang
2775,ofoc,slang
2776,ofwgkta,slang
2777,og,slang
2778,ogim,slang
2779,ogk,slang
2780,ogn,slang
2781,ohac,slang
2782,ohim,slang
2783,ohko,slang
2784,ohn,slang
2785,ohs,slang
2786,oht,slang
2787,ohw,slang
2788,oj,slang
2789,ojd,slang
2790,ojt,slang
2791,oled,slang
2792,ollg,slang
2793,oloy,slang
2794,oltl,slang
2795,om,slang
2796,oma,slang
2797,omb,slang
2798,omd,slang
2799,omdb,slang
2800,omfsm,slang
2801,omfug,slang
2802,omga,slang
2803,omgd,slang
2804,omgna,slang
2805,omj,slang
2806,omjc,slang
2807,oml,slang
2808,oms,slang
2809,omsj,slang
2810,omt,slang
2811,omwh,slang
2812,omz,slang
2813,onm,slang
2814,onna,slang
2815,onnta,slang
2816,ono,slang
2817,ons,slang
2818,ontd,slang
2819,onyd,slang
2820,ooa,slang
2821,ooak,slang
2822,oobe,slang
2823,ooc,slang
2824,oof,slang
2825,ooh,slang
2826,ooi,slang
2827,oom,slang
2828,oomf,slang
2829,ooml,slang
2830,oomm,slang
2831,ooo,slang
2832,oop,slang
2833,oos,slang
2834,oosoom,slang
2835,oot,slang
2836,ootb,slang
2837,ootc,slang
2838,ootd,slang
2839,ooto,slang
2840,ootw,slang
2841,ooyl,slang
2842,ooym,slang
2843,op,slang
2844,opb,slang
2845,opk,slang
2846,opm,slang
2847,opps,slang
2848,osfa,slang
2849,oslt,slang
2850,oso,slang
2851,oss,slang
2852,ost,slang
2853,ota,slang
2854,otc,slang
2855,otd,slang
2856,ote,slang
2857,otf,slang
2858,otfl,slang
2859,otg,slang
2860,oth,slang
2861,otk,slang
2862,otlta,slang
2863,otm,slang
2864,otn,slang
2865,oto,slang
2866,otooh,slang
2867,otr,slang
2868,ots,slang
2869,otth,slang
2870,ottomh,slang
2871,otw,slang
2872,oty,slang
2873,ou,slang
2874,ouat,slang
2875,ouo,slang
2876,ova,slang
2877,ovno,slang
2878,owk,slang
2879,ownm,slang
2880,owoa,slang
2881,ows,slang
2882,owtte,slang
2883,oy,slang
2884,oyb,slang
2885,oyg,slang
2886,oyo,slang
2887,pa,slang
2888,pabx,slang
2889,pan,slang
2890,patd,slang
2891,patt,slang
2892,paye,slang
2893,payg,slang
2894,pb,slang
2895,pbb,slang
2896,pbj,slang
2897,pbn,slang
2898,pbp,slang
2899,pbq,slang
2900,pbr,slang
2901,pbs,slang
2902,pbuh,slang
2903,pbwy,slang
2904,pc,slang
2905,pcb,slang
2906,pci,slang
2907,pcmcia,slang
2908,pcmia,slang
2909,pcmr,slang
2910,pd,slang
2911,pda,slang
2912,pdbaz,slang
2913,pdea,slang
2914,pdf,slang
2915,pdg,slang
2916,pdoa,slang
2917,pdp,slang
2918,pdq,slang
2919,pdt,slang
2920,pe,slang
2921,pebcac,slang
2922,pebcak,slang
2923,pebkac,slang
2924,pemdas,slang
2925,pews,slang
2926,pfa,slang
2927,pfb,slang
2928,pfc,slang
2929,pfp,slang
2930,pg,slang
2931,pga,slang
2932,pgda,slang
2933,pgp,slang
2934,phat,slang
2935,phb,slang
2936,pibe,slang
2937,pic,slang
2938,picnic,slang
2939,pimpl,slang
2940,pin,slang
2941,pipa,slang
2942,piq,slang
2943,pir,slang
2944,pitme,slang
2945,pitr,slang
2946,piu,slang
2947,pk,slang
2948,pkb,slang
2949,pki,slang
2950,pkit,slang
2951,pla,slang
2952,plc,slang
2953,pld,slang
2954,plh,slang
2955,pli,slang
2956,pll,slang
2957,plma,slang
2958,plmk,slang
2959,plos,slang
2960,plp,slang
2961,plr,slang
2962,plrn,slang
2963,plu,slang
2964,plur,slang
2965,pm,slang
2966,pma,slang
2967,pmb,slang
2968,pmc,slang
2969,pmd,slang
2970,pmf,slang
2971,pmfji,slang
2972,pmigbom,slang
2973,pmji,slang
2974,pmt,slang
2975,pmymhmmfswgad,slang
2976,pnc,slang
2977,pnl,slang
2978,pnp,slang
2979,pnr,slang
2980,pnw,slang
2981,poa,slang
2982,pod,slang
2983,pof,slang
2984,poi,slang
2985,poidh,slang
2986,pomo,slang
2987,ponr,slang
2988,potc,slang
2989,potd,slang
2990,poto,slang
2991,pots,slang
2992,potus,slang
2993,potw,slang
2994,poty,slang
2995,pow,slang
2996,ppb,slang
2997,ppc,slang
2998,ppd,slang
2999,ppm,slang
3000,pppw,slang
3001,pps,slang
3002,ppu,slang
3003,ppv,slang
3004,pq,slang
3005,pr,slang
3006,prc,slang
3007,ps,slang
3008,ps&qs,slang
3009,ps2,slang
3010,ps3,slang
3011,ps4,slang
3012,psa,slang
3013,psb,slang
3014,psh,slang
3015,psi,slang
3016,psm,slang
3017,psn,slang
3018,psp,slang
3019,psr,slang
3020,pst,slang
3021,pstn,slang
3022,psu,slang
3023,pt,slang
3024,ptc,slang
3025,pti,slang
3026,ptl,slang
3027,ptm,slang
3028,pto,slang
3029,ptp,slang
3030,ptsd,slang
3031,ptt,slang
3032,ptw,slang
3033,ptz,slang
3034,pua,slang
3035,pug,slang
3036,puv,slang
3037,pv,slang
3038,pvc,slang
3039,pve,slang
3040,pvm,slang
3041,pvp,slang
3042,pvr,slang
3043,pwor,slang
3044,pwos,slang
3045,pwt,slang
3046,px,slang
3047,pyp,slang
3048,pyt,slang
3049,qa,slang
3050,qantas,slang
3051,qap,slang
3052,qb,slang
3053,qc,slang
3054,qed,slang
3055,qfe,slang
3056,qfmt,slang
3057,qfp,slang
3058,qft,slang
3059,qi,slang
3060,ql,slang
3061,qno,slang
3062,qol,slang
3063,qos,slang
3064,qotd,slang
3065,qotsa,slang
3066,qp,slang
3067,qq4u,slang
3068,qs,slang
3069,qvc,slang
3070,r5,slang
3071,ra,slang
3072,rac,slang
3073,ram,slang
3074,raok,slang
3075,ras,slang
3076,ratm,slang
3077,rawl,slang
3078,rawr,slang
3079,rbay,slang
3080,rbg,slang
3081,rbv,slang
3082,rc,slang
3083,rct,slang
3084,rd,slang
3085,rdc,slang
3086,rdh,slang
3087,rdj,slang
3088,rdm,slang
3089,rdo,slang
3090,rdr,slang
3091,rfc,slang
3092,rfi,slang
3093,rfid,slang
3094,rfp,slang
3095,rfq,slang
3096,rft,slang
3097,rfts,slang
3098,rfyl,slang
3099,rgb,slang
3100,rhcp,slang
3101,rhd,slang
3102,rhi,slang
3103,rhip,slang
3104,rhs,slang
3105,rino,slang
3106,riyl,slang
3107,rlab,slang
3108,rlf,slang
3109,rltw,slang
3110,rma,slang
3111,rme,slang
3112,rml,slang
3113,rmt,slang
3114,rmv,slang
3115,rn,slang
3116,rna,slang
3117,rnb,slang
3118,rng,slang
3119,rnr,slang
3120,ro,slang
3121,roar,slang
3122,rofc,slang
3123,roflmfao,slang
3124,roflol,slang
3125,rog,slang
3126,roh,slang
3127,roi,slang
3128,rolf,slang
3129,ror,slang
3130,ros,slang
3131,rotc,slang
3132,rotf,slang
3133,rotffnar,slang
3134,rotfl,slang
3135,rotflol,slang
3136,rotgl,slang
3137,rotk,slang
3138,rotm,slang
3139,rov,slang
3140,row,slang
3141,roy,slang
3142,rpc,slang
3143,rpf,slang
3144,rpg,slang
3145,rpm,slang
3146,rps,slang
3147,rq,slang
3148,rsi,slang
3149,rsn,slang
3150,rspb,slang
3151,rspca,slang
3152,rss,slang
3153,rsvp,slang
3154,rt,slang
3155,rta,slang
3156,rtb,slang
3157,rtd,slang
3158,rtf,slang
3159,rtfaq,slang
3160,rtfd,slang
3161,rtfi,slang
3162,rtfm,slang
3163,rtft,slang
3164,rtg,slang
3165,rto,slang
3166,rtr,slang
3167,rts,slang
3168,rtv,slang
3169,rtw,slang
3170,rv,slang
3171,rvb,slang
3172,rvr,slang
3173,rw,slang
3174,rwd,slang
3175,rwl,slang
3176,rwnj,slang
3177,rwp,slang
3178,rwys,slang
3179,ryc,slang
3180,ryn,slang
3181,ryo,slang
3182,sa,slang
3183,sab,slang
3184,sae,slang
3185,saf,slang
3186,safm,slang
3187,sahd,slang
3188,sahm,slang
3189,sahw,slang
3190,salts,slang
3191,sam,slang
3192,sap,slang
3193,sase,slang
3194,sat,slang
3195,sata,slang
3196,satc,slang
3197,sats,slang
3198,sbd,slang
3199,sbf,slang
3200,sbi,slang
3201,sbj,slang
3202,sbm,slang
3203,sbs,slang
3204,sbsp,slang
3205,sbt,slang
3206,scnr,slang
3207,scotus,slang
3208,scsi,slang
3209,scuba,slang
3210,sd,slang
3211,sda,slang
3212,sdk,slang
3213,sdmf,slang
3214,sdram,slang
3215,seo,slang
3216,sep,slang
3217,serp,slang
3218,sf,slang
3219,sfam,slang
3220,sflr,slang
3221,sfo,slang
3222,sfp,slang
3223,sfr,slang
3224,sfsg,slang
3225,sftbc,slang
3226,sfw,slang
3227,sgtm,slang
3228,shu,slang
3229,siwoti,slang
3230,slol,slang
3231,slr,slang
3232,smao,slang
3233,smdh,slang
3234,smdhe,slang
3235,sme,slang
3236,smgdh,slang
3237,smhid,slang
3238,smhl,slang
3239,smib,slang
3240,smidsy,slang
3241,sml,slang
3242,smn,slang
3243,smog,slang
3244,smop,slang
3245,sms,slang
3246,smt,slang
3247,smtp,slang
3248,snafu,slang
3249,snag,slang
3250,snc,slang
3251,snd,slang
3252,snes,slang
3253,snf,slang
3254,snm,slang
3255,snr,slang
3256,snyk,slang
3257,so,slang
3258,soa,slang
3259,soad,slang
3260,soag,slang
3261,sog,slang
3262,soh,slang
3263,sohf,slang
3264,soi,slang
3265,soidh,slang
3266,somd,slang
3267,soml,slang
3268,somsw,slang
3269,sooc,slang
3270,sood,slang
3271,sootb,slang
3272,sop,slang
3273,sopa,slang
3274,sorn,slang
3275,sos,slang
3276,sota,slang
3277,srh,slang
3278,srm,slang
3279,sro,slang
3280,srt,slang
3281,ss,slang
3282,ssa,slang
3283,ssbb,slang
3284,ssbhm,slang
3285,ssc,slang
3286,ssd,slang
3287,ssh,slang
3288,ssid,slang
3289,ssl,slang
3290,ssts,slang
3291,sswa,slang
3292,stw,slang
3293,sty,slang
3294,styl,slang
3295,su,slang
3296,suad,slang
3297,sul,slang
3298,sula,slang
3299,tb,slang
3300,tbbh,slang
3301,tbbt,slang
3302,tbch,slang
3303,tbd,slang
3304,tbe,slang
3305,tbf,slang
3306,tbfu,slang
3307,tbm,slang
3308,tbms,slang
3309,tbnt,slang
3310,tbph,slang
3311,tbqf,slang
3312,tbqfh,slang
3313,tbqh,slang
3314,tbr,slang
3315,tbs,slang
3316,tbss,slang
3317,tbt,slang
3318,tbtf,slang
3319,tbtg,slang
3320,tbth,slang
3321,tbtp,slang
3322,tbu,slang
3323,tbys,slang
3324,tc,slang
3325,tcby,slang
3326,tccic,slang
3327,tcfc,slang
3328,tcfn,slang
3329,tcfs,slang
3330,tcg,slang
3331,tcgb,slang
3332,tck,slang
3333,tcl,slang
3334,tcob,slang
3335,tcoy,slang
3336,tcp,slang
3337,tcp or ip,slang
3338,tctc,slang
3339,td,slang
3340,tddup,slang
3341,tddwp,slang
3342,tdf,slang
3343,tdg,slang
3344,tdh,slang
3345,tdi,slang
3346,tdl,slang
3347,tdm,slang
3348,tds,slang
3349,tdtf,slang
3350,tdwp,slang
3351,tdy,slang
3352,teotwawki,slang
3353,tfa,slang
3354,tfc,slang
3355,tfcd,slang
3356,tffw,slang
3357,tfi,slang
3358,tfios,slang
3359,tfl,slang
3360,tflmk,slang
3361,tflms,slang
3362,tfln,slang
3363,tfm,slang
3364,tfmtk,slang
3365,tfp,slang
3366,tfrm,slang
3367,tft,slang
3368,tfta,slang
3369,tftc,slang
3370,tftd,slang
3371,tftl,slang
3372,tg,slang
3373,tgal,slang
3374,tge,slang
3375,tgfg,slang
3376,tgfi,slang
3377,tgfl,slang
3378,tgft,slang
3379,tgi,slang
3380,tgia,slang
3381,tgiaf,slang
3382,tgim,slang
3383,tgio,slang
3384,tgit,slang
3385,tgod,slang
3386,tgp,slang
3387,tgtbt,slang
3388,thabto,slang
3389,thwu,slang
3390,tiic,slang
3391,tinag,slang
3392,tinalo,slang
3393,tinar,slang
3394,tinstafl,slang
3395,tla,slang
3396,tld,slang
3397,tldnr,slang
3398,tldr,slang
3399,tldw,slang
3400,tlgo,slang
3401,tli,slang
3402,tlnd,slang
3403,tlol,slang
3404,tltr,slang
3405,tlyk,slang
3406,tm,slang
3407,tma,slang
3408,tmai,slang
3409,tmb,slang
3410,tmbg,slang
3411,tmbi,slang
3412,tme,slang
3413,tmf,slang
3414,tmh,slang
3415,tmk,slang
3416,tml,slang
3417,tmlt,slang
3418,tmm,slang
3419,tmms,slang
3420,tmn,slang
3421,tmnt,slang
3422,tmp,slang
3423,tmr,slang
3424,tms,slang
3425,tmsidk,slang
3426,tmt,slang
3427,tmtc,slang
3428,tmth,slang
3429,tmtowtdi,slang
3430,tmts,slang
3431,tmtt,slang
3432,tmy,slang
3433,tmz,slang
3434,tna,slang
3435,tnb,slang
3436,tnbm,slang
3437,tnf,slang
3438,tng,slang
3439,tnl,slang
3440,tnln,slang
3441,tno,slang
3442,tnop,slang
3443,tnot,slang
3444,tnsl,slang
3445,tnstaafl,slang
3446,tnt,slang
3447,tntm,slang
3448,to,slang
3449,toc,slang
3450,tod,slang
3451,toefl,slang
3452,toeic,slang
3453,toft,slang
3454,toftt,slang
3455,toh,slang
3456,tol,slang
3457,tom,slang
3458,totb,slang
3459,totd,slang
3460,totga,slang
3461,totm,slang
3462,totus,slang
3463,toy,slang
3464,tp,slang
3465,tpam,slang
3466,tpb,slang
3467,tpe,slang
3468,tpk,slang
3469,tpo,slang
3470,tps,slang
3471,tpt,slang
3472,tptb,slang
3473,tr,slang
3474,traw,slang
3475,trdmc,slang
3476,trdmf,slang
3477,trg,slang
3478,ttfw,slang
3479,ttg,slang
3480,ttgg,slang
3481,tth,slang
3482,ttiuwp,slang
3483,ttiwwp,slang
3484,ttjasi,slang
3485,ttl,slang
3486,ttm,slang
3487,ttmab,slang
3488,ttml,slang
3489,tto,slang
3490,ttotm,slang
3491,ttp,slang
3492,ttr,slang
3493,ttt,slang
3494,ttte,slang
3495,ttth,slang
3496,tttt,slang
3497,tttty,slang
3498,ttul,slang
3499,ttus,slang
3500,ttut,slang
3501,ttutt,slang
3502,tty,slang
3503,ttyf,slang
3504,ttyiab,slang
3505,ttyitm,slang
3506,ttym,slang
3507,ttyn,slang
3508,ttyrs,slang
3509,ttyt,slang
3510,ttytt,slang
3511,ttyvs,slang
3512,tul,slang
3513,tvm,slang
3514,tw,slang
3515,twain,slang
3516,twloha,slang
3517,twoc,slang
3518,twtmc,slang
3519,twu,slang
3520,twyl,slang
3521,twyms,slang
3522,ty,slang
3523,tyb,slang
3524,tybg,slang
3525,tyfays,slang
3526,tyfe,slang
3527,tyfyt,slang
3528,tyg,slang
3529,tyj,slang
3530,tyl,slang
3531,tylj,slang
3532,tym,slang
3533,tymbi,slang
3534,tys,slang
3535,tysm,slang
3536,tysvm,slang
3537,tyt,slang
3538,uri,slang
3539,url,slang
3540,us,slang
3541,usa,slang
3542,usaf,slang
3543,usb,slang
3544,usbm,slang
3545,usc,slang
3546,uscg,slang
3547,usd,slang
3548,usmc,slang
3549,usp,slang
3550,usps,slang
3551,uss,slang
3552,ussr,slang
3553,usw,slang
3554,ut,slang
3555,utc,slang
3556,utd,slang
3557,ute,slang
3558,utf,slang
3559,utfl,slang
3560,uth,slang
3561,uti,slang
3562,uto,slang
3563,utp,slang
3564,utr,slang
3565,uts,slang
3566,utt,slang
3567,uv,slang
3568,uw,slang
3569,uws,slang
3570,ue,slang
3571,uy,slang
3572,va,slang
3573,vbd,slang
3574,vbl,slang
3575,vbr,slang
3576,vbs,slang
3577,vc,slang
3578,vcard,slang
3579,vcd,slang
3580,vcr,slang
3581,vdu,slang
3582,vfm,slang
3583,vg,slang
3584,vga,slang
3585,vgc,slang
3586,vgg,slang
3587,vgl,slang
3588,vgm,slang
3589,vh1,slang
3590,vhf,slang
3591,vhs,slang
3592,vibe,slang
3593,vid,slang
3594,vig,slang
3595,vin,slang
3596,vip,slang
3597,viz,slang
3598,vj,slang
3599,vlan,slang
3600,vlsi,slang
3601,vm,slang
3602,vma,slang
3603,vmi,slang
3604,vn,slang
3605,vnc,slang
3606,vnds,slang
3607,vnh,slang
3608,vns,slang
3609,voa,slang
3610,vod,slang
3611,voip,slang
3612,vp,slang
3613,vpl,slang
3614,vpn,slang
3615,vr,slang
3616,vs,slang
3617,vt,slang
3618,vtl,slang
3619,vtpr,slang
3620,vtr,slang
3621,vv,slang
3622,vvn,slang
3623,vwp,slang
3624,wafwot,slang
3625,waj,slang
3626,wak,slang
3627,wal,slang
3628,wamh,slang
3629,wamhas,slang
3630,waml,slang
3631,wap,slang
3632,wapce,slang
3633,warez,slang
3634,was,slang
3635,way,slang
3636,wayd,slang
3637,waydrn,slang
3638,waylt,slang
3639,wayoa,slang
3640,wayta,slang
3641,waywo,slang
3642,wbb,slang
3643,wbm,slang
3644,wbn,slang
3645,wbr,slang
3646,wbs,slang
3647,wbt,slang
3648,wbu,slang
3649,wbw,slang
3650,wby,slang
3651,wcb,slang
3652,wcg,slang
3653,wcis,slang
3654,wcs,slang
3655,wcw,slang
3656,wcyd,slang
3657,wd,slang
3658,wde,slang
3659,wdfd,slang
3660,wdh,slang
3661,wdib,slang
3662,wdic,slang
3663,wdim,slang
3664,wditot,slang
3665,wdmb,slang
3666,wdoml,slang
3667,wdtm,slang
3668,wdud,slang
3669,wdum,slang
3670,wdut,slang
3671,wdw,slang
3672,wdy,slang
3673,wdyd,slang
3674,wdydt,slang
3675,wdye,slang
3676,wdyg,slang
3677,wdym,slang
3678,wdymbt,slang
3679,wdys,slang
3680,wdyt,slang
3681,wdyw,slang
3682,wdywfm,slang
3683,wdywt,slang
3684,wdywtta,slang
3685,wef,slang
3686,wep,slang
3687,wfyb,slang
3688,whyb,slang
3689,whyd,slang
3690,wia,slang
3691,wip,slang
3692,wir,slang
3693,with,slang
3694,witw,slang
3695,wiuwy,slang
3696,wiwt,slang
3697,wiwwu,slang
3698,wiwwy,slang
3699,wiyp,slang
3700,wjd,slang
3701,wk,slang
3702,wks,slang
3703,wkyp,slang
3704,wlm,slang
3705,wltm,slang
3706,wlyb,slang
3707,wlyk,slang
3708,wm,slang
3709,wma,slang
3710,wmd,slang
3711,wmf,slang
3712,wmg,slang
3713,wml,slang
3714,wmmows,slang
3715,wmp,slang
3716,wmv,slang
3717,wmyb,slang
3718,wn,slang
3719,wnditwb,slang
3720,wnl,slang
3721,wnohgb,slang
3722,wntt,slang
3723,wnwy,slang
3724,woat,slang
3725,wob,slang
3726,woc,slang
3727,woe,slang
3728,wof,slang
3729,wog,slang
3730,wom,slang
3731,wombat,slang
3732,wos,slang
3733,wotam,slang
3734,wotcher,slang
3735,wotd,slang
3736,wotlk,slang
3737,wots,slang
3738,wp,slang
3739,wpa,slang
3740,wpm,slang
3741,wpww,slang
3742,wr,slang
3743,wrt,slang
3744,wru,slang
3745,wrud,slang
3746,wruta,slang
3747,wryd,slang
3748,wryta,slang
3749,wsic,slang
3750,wsm,slang
3751,wsp,slang
3752,wss,slang
3753,wst,slang
3754,wsul,slang
3755,wswta,slang
3756,wt,slang
3757,wta,slang
3758,wtb,slang
3759,wtbs,slang
3760,wtc,slang
3761,wtd,slang
3762,wtdt,slang
3763,wtdta,slang
3764,wtft,slang
3765,wtg,slang
3766,wtgp,slang
3767,wthay,slang
3768,wthc,slang
3769,wthigo,slang
3770,wthit,slang
3771,wthiwwy,slang
3772,wthn,slang
3773,wthru,slang
3774,wtii,slang
3775,wtk,slang
3776,wtl,slang
3777,wtlw,slang
3778,wtm,slang
3779,wtmi,slang
3780,wtml,slang
3781,wtmw,slang
3782,wto,slang
3783,wtp,slang
3784,wtt,slang
3785,wttc,slang
3786,wttir,slang
3787,wttj,slang
3788,wttm,slang
3789,wtw,slang
3790,wty,slang
3791,wtyo,slang
3792,wuciwug,slang
3793,wud,slang
3794,wug,slang
3795,wugowm,slang
3796,wul,slang
3797,wula,slang
3798,wullnp,slang
3799,wum,slang
3800,wuw,slang
3801,wuwcb,slang
3802,wuwh,slang
3803,wuwt,slang
3804,wuwta,slang
3805,wuwtb,slang
3806,wuwu,slang
3807,ww,slang
3808,wwa,slang
3809,wwbd,slang
3810,wwcnd,slang
3811,wwe,slang
3812,wwf,slang
3813,wwic,slang
3814,wwit,slang
3815,wwjbd,slang
3816,wwjd,slang
3817,wwjp,slang
3818,wwotw,slang
3819,wwtbam,slang
3820,wwu,slang
3821,www,slang
3822,wwwy,slang
3823,wwy,slang
3824,wwyd,slang
3825,wwydt,slang
3826,wya,slang
3827,wyatb,slang
3828,wyb,slang
3829,wybd,slang
3830,wybmv,slang
3831,wyd,slang
3832,wydn,slang
3833,wyf,slang
3834,wyg,slang
3835,wygowm,slang
3836,wyk,slang
3837,wyl,slang
3838,wylaboctgwtr,slang
3839,wylasomwtc,slang
3840,wylion,slang
3841,wylscwtw,slang
3842,wylt,slang
3843,wym,slang
3844,wymm,slang
3845,wyn,slang
3846,wyp,slang
3847,wyr,slang
3848,wys,slang
3849,wysiwyg,slang
3850,wyta,slang
3851,wyut,slang
3852,wyw,slang
3853,wywta,slang
3854,yagb,slang
3855,yala,slang
3856,yana,slang
3857,yatb,slang
3858,yatk,slang
3859,yatloml,slang
3860,yavw,slang
3861,yaw,slang
3862,ybs,slang
3863,ybtj,slang
3864,ybw,slang
3865,ybwm,slang
3866,ycmiu,slang
3867,ydek,slang
3868,ydi,slang
3869,ydk,slang
3870,ydl,slang
3871,ydms,slang
3872,ydmt,slang
3873,yds,slang
3874,ydu,slang
3875,yf,slang
3876,yfw,slang
3877,yg,slang
3878,ygg,slang
3879,ygi,slang
3880,yglt,slang
3881,ygpm,slang
3882,ygtbk,slang
3883,ygtbkm,slang
3884,ygti,slang
3885,ygtr,slang
3886,yha,slang
3887,yhbt,slang
3888,yhbw,slang
3889,yhgasp,slang
3890,yhl,slang
3891,yhm,slang
3892,yhni,slang
3893,yhtbt,slang
3894,yid,slang
3895,yik,slang
3896,yitb,slang
3897,yite,slang
3898,yjltg,slang
3899,yk,slang
3900,ykhii,slang
3901,ykims,slang
3902,yktr,slang
3903,ykw,slang
3904,ykwim,slang
3905,ykwis,slang
3906,ykylm,slang
3907,yl,slang
3908,yli,slang
3909,ylm,slang
3910,ylod,slang
3911,ylyl,slang
3912,ym,slang
3913,ymbj,slang
3914,ymca,slang
3915,ymcmb,slang
3916,ymmd,slang
3917,ymml,slang
3918,ymms,slang
3919,ymw,slang
3920,ynk,slang
3921,ynw,slang
3922,ynwa,slang
3923,yolf,slang
3924,yomb,slang
3925,yoyo,slang
3926,yp,slang
3927,yqw,slang
3928,yr,slang
3929,yrg,slang
3930,yrmv,slang
3931,yro,slang
3932,yru,slang
3933,ysc,slang
3934,ysi,slang
3935,ysk,slang
3936,ysmtu,slang
3937,yss,slang
3938,ysvw,slang
3939,ysyl,slang
3940,yt,slang
3941,ytd,slang
3942,ytm,slang
3943,ytml,slang
3944,ytmnd,slang
3945,yto,slang
3946,ytp,slang
3947,yttm,slang
3948,yum,slang
3949,yvw,slang
3950,ywca,slang
3951,ywimc,slang
3952,ywu,slang
